{"cameraMode":{"drawMode":0,"name":"Shaded","section":"Shading Mode"},"sceneLighting":true,"audioPlay":false,"sceneViewState":{"showFog":true,"showMaterialUpdate":false,"showSkybox":true,"showFlares":true,"showImageEffects":true,"showParticleSystems":true},"in2DMode":false,"pivot":{"x":0.00038258149288594723,"y":1.5923420190811158,"z":1.9784895181655884},"rotation":{"x":0.043415188789367679,"y":-0.05691556632518768,"z":0.002478513168171048,"w":0.9974339604377747},"size":0.20669233798980714,"orthographic":true}