{"cameraMode":{"drawMode":0,"name":"Shaded","section":"Shading Mode"},"sceneLighting":false,"audioPlay":false,"sceneViewState":{"showFog":false,"showMaterialUpdate":false,"showSkybox":false,"showFlares":false,"showImageEffects":false,"showParticleSystems":false},"in2DMode":false,"pivot":{"x":-0.29991427063941958,"y":0.8368218541145325,"z":0.032673418521881106},"rotation":{"x":-0.5820004940032959,"y":-0.10249313712120056,"z":0.07425782084465027,"w":-0.8032805323600769},"size":1.0124351978302003,"orthographic":true}